CREATE DATABASE DoAnNhom7
USE DoAnNhom7
GO

CREATE TABLE LOP
(
	MALOP CHAR(10)NOT NULL,
	TENLOP NVARCHAR(10),	
	SISO INT,
	CONSTRAINT PK_MALOP PRIMARY KEY(MALOP)
)

CREATE TABLE GIAOVIEN
(
	MAGV CHAR(10) NOT NULL,
	HOTEN NVARCHAR(30),
	GIOITINH CHAR(3),
	NGAYSINH DATETIME,
	DIACHI NVARCHAR(150),
	DIENTHOAI VARCHAR(20),
	MAMH CHAR(10),
	CONSTRAINT PK_MAGV PRIMARY KEY(MAGV)
)

CREATE TABLE HOCSINH
(
	MAHS CHAR(10) NOT NULL,
	HOTEN NVARCHAR(30),
	GIOITNH CHAR(3),
	NGAYSINH DATETIME,
	MALOP CHAR(10),
	DIACHI VARCHAR(150),
	DIENTHOAI VARCHAR(20),
	CONSTRAINT PK_MAHS PRIMARY KEY(MAHS),
)

CREATE TABLE MONHOC
(
	MAMH CHAR(10) NOT NULL,
	TENMH NVARCHAR(30),
	CONSTRAINT PK_MAMH PRIMARY KEY(MAMH)
)

CREATE TABLE KETQUA
(
	MAHS CHAR(10) NOT NULL,
	MAMH CHAR(10) NOT NULL,
	HOCKY CHAR(10) NOT NULL,
	DIEMTHIMIENG FLOAT,
	DIEMTHI15P FLOAT,
	DIEMTHI1TIET FLOAT,
	DIEMTHIHOCKY FLOAT
	CONSTRAINT PK_KETQUA PRIMARY KEY(MAHS,MAMH,HOCKY),
	CONSTRAINT PK_KQ_MAHS FOREIGN KEY(MAHS) REFERENCES HOCSINH(MAHS),
	CONSTRAINT PK_KQ_MAMH FOREIGN KEY(MAMH) REFERENCES MONHOC(MAMH)
)

CREATE TABLE TAIKHOAN
(
	LOAITK CHAR(2),
	TENDANGNHAP CHAR(10),
	MATKHAU VARCHAR(16)
	CONSTRAINT PK_TENDANGNHAP PRIMARY KEY(TENDANGNHAP)
)

CREATE TABLE XEPLOAI
(
	MAHS CHAR(10),
	HOCKY CHAR(10),
	GPA FLOAT,
	XEPLOAI NVARCHAR(10),
	CONSTRAINT PK_MAHS_HK PRIMARY KEY(MAHS, HOCKY),
	CONSTRAINT PK_HS_MAHS FOREIGN KEY(MAHS) REFERENCES HOCSINH(MAHS)
)
CREATE TABLE THOIKHOABIEUGIAOVIEN
(	
	HOCKY CHAR(10),
	MAGV CHAR(10),
	TIET CHAR(10),
	THU_2 CHAR(10),
	THU_3 CHAR(10),
	THU_4 CHAR(10),
	THU_5 CHAR(10),
	THU_6 CHAR(10),
	THU_7 CHAR(10),
	CONSTRAINT PK_MAGV_TKB FOREIGN KEY(MAGV) REFERENCES GIAOVIEN(MAGV),
)
CREATE TABLE THOIKHOABIEUHOCSINH
(	
	HOCKY CHAR(10),
	MAHS CHAR(10),
	TIET NCHAR(10),
	THU_2 NCHAR(10),
	THU_3 NCHAR(10),
	THU_4 NCHAR(10),
	THU_5 NCHAR(10),
	THU_6 NCHAR(10),
	THU_7 NCHAR(10),
	CONSTRAINT PK_MAHS_TKB FOREIGN KEY(MAHS) REFERENCES HOCSINH(MAHS)
)
ALTER TABLE HOCSINH
ADD CONSTRAINT FK_MALOP FOREIGN KEY (MALOP) REFERENCES	LOP(MALOP)

ALTER TABLE GIAOVIEN
ADD CONSTRAINT FK_MAMH FOREIGN KEY (MAMH) REFERENCES	MONHOC(MAMH)

INSERT INTO LOP (MALOP,TENLOP)
VALUES
('L01','10/1'),
('L02','10/2'),
('L03','10/3'),
('L04','11/1'),
('L05','11/2'),
('L06','11/3'),
('L07','12/1'),
('L08','12/2'),
('L09','12/3');


SET DATEFORMAT DMY

INSERT INTO HOCSINH(MAHS,HOTEN,MALOP,GIOITNH,NGAYSINH,DIACHI,DIENTHOAI)
VALUES
('10HS00001',N'Lâm Bích Vân','L01','Nu','01/01/2008',N'110 Võ Văn Tần, phường 4, quận 3, TP Hồ Chí Minh','0913211452'),
('10HS00002',N'Nguyễn Thị Hồng','L01','Nu','20/01/2008',N'200 An Dương Vương, phường 4, quận 5, TP Hồ Chí Minh','0975112352'),
('10HS00003',N'Huỳnh Đức Hiếu','L02','Nam','25/08/2008',N'351 Lạc Long Quân, phường 5, quận 51, TP Hồ Chí Minh','0772556391'),
('10HS00004',N'Huỳnh Đức Toàn','L02','Nam','25/08/2008',N'351 Lạc Long Quân, phường 5, quận 51, TP Hồ Chí Minh','0903511456'),
('10HS00005',N'Nguyễn Văn Anh','L03','Nu','03/12/2008',N'240 Lạc Long Quân, phường 5, quận 51, TP Hồ Chí Minh','0905132269'),
('10HS00006',N'Nguyễn Thị Lạc','L03','Nu','22/11/2008',N'199 An Dương Vương, phường 3, quận 5, TP Hồ Chí Minh','0905128773'),
('11HS00001',N'Tạ Quang Lân','L04','Nam','02/11/2007',N'201 An Dương Vương, phường 3, quận 5, TP Hồ Chí Minh','0905121363'),
('11HS00002',N'Tạ Thị Nữ','L04','Nu','19/10/2007',N'120 An Dương Vương, phường 1, quận 5, TP Hồ Chí Minh','0905251364'),
('11HS00003',N'Huỳnh Công Anh','L05','Nam','25/07/2007',N'49 Cao Lo, phường 4, quận 8, TP Hồ Chí Minh','0905121999'),
('11HS00004',N'Lê Đức Lợi','L05','Nam','11/04/2007',N'50 Phạm Hùng, phường 4, quận 8, TP Hồ Chí Minh','0903522799'),
('11HS00005',N'Trần Thị Lệ','L06','Nu','30/07/2007',N'112 Nguyễn Văn Cừ, phường 1, quận 5, TP Hồ Chí Minh','0905366123'),
('11HS00006',N'Nguyễn Văn Tài','L06','Nam','21/10/2007',N'100 Nguyễn Văn Cừ, phường 1, quận 5, TP Hồ Chí Minh','0905355693'),
('12HS00001',N'Nguyen Văn Thành Lợi','L07','Nam','21/10/2006',N'Chung cư Topaz Elite, phường 4, quận 8, TP Hồ Chí Minh','0905300193'),
('12HS00002',N'Trần Thị Thanh Thanh','L07','Nu','20/11/2006',N'220 Nguyễn Trãi, phường 4, quận 5, TP Hồ Chí Minh','0905354413'),
('12HS00003',N'Huỳnh Thị Anh Đào','L08','Nu','11/03/2006',N'110 Tran Hung Dao, phường 2, quận 5, TP Hồ Chí Minh','0905321667'),
('12HS00004',N'Dương Bá Nam','L08','Nam','19/05/2006',N'23 Cao Lo, phường 4, quận 8, TP Hồ Chí Minh','0905112778'),
('12HS00005',N'Hoàng Thùy Linh','L09','Nu','12/10/2006',N'1123 Tran Hung Dao, phường 4, quận 5, TP Hồ Chí Minh','0905311213'),
('12HS00006',N'Hoàng Thị Thùy Linh','L09','Nu','02/01/2006',N'111 Cong Quynh, phường 3, quận 5, TP Hồ Chí Minh','0905311213');

INSERT INTO MONHOC(MAMH,TENMH)
VALUES
('MH100001',N'Toán'),
('MH100002',N'Văn'),
('MH100003',N'Anh'),
('MH110001',N'Toán'),
('MH110002',N'Văn'),
('MH110003',N'Anh'),
('MH120001',N'Toán'),
('MH120002',N'Văn'),
('MH120003',N'Anh');

INSERT INTO GIAOVIEN ( MAGV,HOTEN,GIOITINH,NGAYSINH,DIACHI,DIENTHOAI,MAMH)
VALUES
('GV00001',N'Trần Thị Thương','Nu','01/01/1975',N'109 Võ Văn Tần, phường 4, quận 3, TP Hồ Chí Minh','0912321452','MH100001'),
('GV00002',N'Đỗ Văn Nhỏ','Nam','22/11/1985',N'112 Nguyễn Trãi, phường 4, quận 5, TP Hồ Chí Minh','0772332112','MH100002'),
('GV00003',N'Nguyễn Công Phương','Nam','25/11/1980',N'Chung Cu Gò Dầu 2, phường Tân Sơn Nhì, quận Tân Phú, TP Hồ Chí Minh','0913114252','MH100003'),
('GV00004',N'Nguyễn Thị Thùy Nhiên','Nu','31/12/1984',N'112 Lý Thái Tổ, phường 3, quận 3, TP Hồ Chí Minh','0975445778','MH110001'),
('GV00005',N'Huỳnh Công Ba','Nam','22/09/1979',N'208 Lý Thái Tổ, phường 3, quận 3, TP Hồ Chí Minh','0973625311','MH110002'),
('GV00006',N'Huỳnh Thị Kim Anh','Nu','02/09/1989',N'269 Nguyễn Thị Minh Khai, phường 3, quận 5, TP Hồ Chí Minh','0975963112','MH110003'),
('GV00007',N'Đỗ Quang Mạnh','Nam','09/11/1991',N'111 Hùng Vương, phường 6, quận 5, TP Hồ Chí Minh','0975961798','MH120001'),
('GV00008',N'Trần Thị Nữ','Nu','22/05/1993',N'209 Hong Bang, phường 11, quận 5, TP Hồ Chí Minh','0975932165','MH120002'),
('GV00009',N'Thái Văn Tư','Nam','09/11/1973',N'33 Ngo Quyen, phường 11, quận 5, TP Hồ Chí Minh','0975433699','MH120003')

INSERT INTO KETQUA (MAHS,MAMH,HOCKY,DIEMTHIMIENG,DIEMTHI15P,DIEMTHI1TIET,DIEMTHIHOCKY)
VALUES
('10HS00001','MH100001','1',9.5,10,8.8,10),
('10HS00001','MH100002','1',4.5,3.5,8,9.5),
('10HS00001','MH100003','1',10,10,8.8,10),
('10HS00002','MH100001','1',5.6,7.8,8.2,9.5),
('10HS00002','MH100002','1',7.8,7.8,8.2,9.5),
('10HS00002','MH100003','1',10,10,9,9.5),
('10HS00003','MH100001','1',7.5,4.8,9.2,7.5),
('10HS00003','MH100002','1',9,8.8,7.2,9),
('10HS00003','MH100003','1',8,9.2,9.5,10)

INSERT INTO THOIKHOABIEUHOCSINH (HOCKY,MAHS,TIET,THU_2,THU_3,THU_4,THU_5,THU_6,THU_7)
VALUES
('1','10HS00001','Tiet 1','Toán','Ngữ văn','Tiếng Anh','Toán', 'Tiếng Pháp','Tin học'),
('1','10HS00001','Tiet 2','Toán','Ngữ văn','Tiếng Anh','Vật lí', 'Tiếng Pháp','Tin học'),
('1','10HS00001','Tiet 3','Địa lý','Tin học','Lịch sử','Vật lí', 'Hóa học','Tin học'),
('1','10HS00001','Tiet 4','Địa lý','Tin học','Lịch sử','Ngữ văn','Thể dục','Ngữ Văn'),
('1','10HS00001','Tiet 5','Chào cờ','GDCD','Toán', 'Hóa học','Thể dục','SHCN')

INSERT INTO THOIKHOABIEUGIAOVIEN (HOCKY,MAGV,TIET,THU_2,THU_3,THU_4,THU_5,THU_6,THU_7)
VALUES
('1','GV00001','Tiet 1','10/1','10/2','10/3',NULL, '10/1','10/2'),
('1','GV00001','Tiet 2','10/1','10/2','10/3',NULL, '10/1','10/2'),
('1','GV00001','Tiet 3','10/3',NULL,NULL,NULL, NULL,NULL),
('1','GV00001','Tiet 4','10/3',NULL,NULL,NULL, NULL,NULL),
('1','GV00001','Tiet 5',NULL,NULL,NULL, NULL,NULL,NULL)


INSERT INTO TAIKHOAN(LOAITK, TENDANGNHAP, MATKHAU)
VALUES
	('AD', 'ADMIN', 'ADMIN');
